"","Gene","logFC","pvalues"
"ENSG00000241945","ENSG00000241945",2.83813358360789,0.0046223706636878
"ENSG00000279104","ENSG00000279104",5.16992500144231,0.0210896104388859
